Wskaźnik;;Pracującywgospodarcenarodowej;Pracującywgospodarcenarodowej;Pracującywgospodarcenarodowej;Pracującywprzemyśle;wgórnictwieiwydobywaniu;wprzetwórstwieprzemysłowym;wwytwarzaniuizaopatrywaniuwenergięelektryczną,gaz,paręwodnąigorącąwodę;wdostawiewody,gospodarowaniuściekamiiodpadami,rekultywacji;Pracującywbudownictwie;Pracującywhandlu,naprawiepojazdówsamochodowych;Pracującywtransporcieigospodarcemagazynowej;Pracującywinformacjiikomunikacji;Pracującywdziałalnościfinansowejiubezpieczeniowej;Pracującywobsłudzerynkunieruchomości;Pracującywedukacji;Pracującywopiecezdrowotnejipomocyspołecznej;Przeciętnezatrudnieniewsektorzeprzedsiębiorstw;Przeciętnezatrudnieniewprzemyśle;wgórnictwieiwydobywaniu;wprzetwórstwieprzemysłowym;wwytwarzaniuizaopatrywaniuwenergięelektryczną,gaz,paręwodnąigorącąwodę;wdostawiewody,gospodarowaniuściekamiiodpadami,rekultywacji;Przeciętnezatrudnieniewbudownictwie;Przeciętnezatrudnieniewhandlu,naprawiepojazdówsamochodowych;Przeciętnezatrudnieniewtransporcieigospodarcemagazynowej;Przeciętnezatrudnieniewinformacjiikomunikacji;Przeciętnezatrudnieniewdziałalnościfinansowejiubezpieczeniowej;Przeciętnezatrudnieniewobsłudzerynkunieruchomości;Bezrobotnizarejestrowani;mężczyźni;kobiety;Bezrobotnizarejestrowanidotychczasniepracujący;Bezrobotnizarejestrowanizwolnienizprzyczynzakładupracy;Bezrobotnizarejestrowanibezprawadozasiłku;Bezrobotnizarejestrowaniwokresiedo12miesięcyoddniaukończenianauki;Bezrobotnizarejestrowanipozostającybezpracydłużejniż1rok;Stopabezrobociarejestrowanego;Ofertypracy;BezrobotniwgBAEL;mężczyźni;kobiety;BezrobotniwgBAELwmiastach;BezrobotniwgBAELnawsi;StopabezrobociawgBAEL;mężczyźni;kobiety;StopabezrobociawgBAELwmiastach;StopabezrobociawgBAELnawsi
2000;1;.;.;.;.;.;.;.;.;.;.;.;.;.;.;.;.;.;.;.;.;.;.;.;.;.;.;.;.;2531,7;1153,3;1378,4;564,7;238,3;1948,3;152,5;1064;14;12,3;2880;1410;1470;1852;1027;16,7;15,2;18,5;17,1;16,1
2000;2;.;.;.;.;.;.;.;.;.;.;.;.;.;.;.;.;.;.;.;.;.;.;.;.;.;.;.;.;2437,4;1069,1;1368,3;551,5;190,2;1901;76,6;1061,9;13,6;16,2;2825;1359;1466;1886;939;16,3;14,6;18,3;17,3;14,6
2000;3;.;.;.;.;.;.;.;.;.;.;.;.;.;.;.;.;.;.;.;.;.;.;.;.;.;.;.;.;2528,8;1085,2;1443,6;621,5;185,9;2027,6;157,4;1121,9;14;15;2675;1278;1397;1796;878;15,4;13,6;17,5;16,6;13,3
2000;4;.;.;.;.;.;.;.;.;.;.;.;.;.;.;.;.;.;.;.;.;.;.;.;.;.;.;.;.;2702,6;1211;1491,6;643,3;185,8;2154;167,9;1207,2;15,1;5,7;2760;1331;1429;1824;937;16;14,2;18,1;16,9;14,3
2001;1;.;.;.;.;.;.;.;.;.;.;.;.;.;.;.;.;.;.;.;.;.;.;.;.;.;.;.;.;2898,7;1345,4;1553,3;670,4;218,7;2319,6;182,4;1301,8;16,1;8,8;3158;1592;1566;2083;1075;18,2;17;19,8;19,2;16,7
2001;2;.;.;.;.;.;.;.;.;.;.;.;.;.;.;.;.;.;.;.;.;.;.;.;.;.;.;.;.;2849,2;1307,6;1541,6;644,9;222;2296,1;68,3;1327,1;15,9;12,1;3208;1589;1619;2123;1085;18,4;17;20;19,5;16,5
2001;3;.;.;.;.;.;.;.;.;.;.;.;.;.;.;.;.;.;.;.;.;.;.;.;.;.;.;.;.;2920,4;1330,7;1589,7;706;229;2371,9;153;1410,2;16,3;11,8;3127;1537;1590;2078;1049;17,9;16,3;19,7;19,2;15,7
2001;4;.;.;.;.;.;.;.;.;.;.;.;.;.;.;.;.;.;.;.;.;.;.;.;.;.;.;.;.;3115,1;1473;1642,1;739,4;243,1;2490,8;180,7;1506,1;17,5;5,3;3186;1613;1574;2103;1083;18,5;17,3;20;19,6;16,7
2002;1;.;.;.;.;.;.;.;.;.;.;.;.;.;.;.;.;.;.;.;.;.;.;.;.;.;.;.;.;3259,9;1584,2;1675,7;764,1;248,8;2622,8;184,7;1601,8;20,1;8,7;3480;1825;1655;2282;1198;20,3;19,6;21;21,2;18,7
2002;2;.;.;.;.;.;.;.;.;.;.;.;.;.;.;.;.;.;.;.;.;.;.;.;.;.;.;.;.;3090,9;1491,4;1599,5;704,9;221,3;2513,2;73,6;1558,3;19,4;14,2;3432;1788;1644;2271;1162;19,9;19,2;20,7;21,1;17,9
2002;3;.;.;.;.;.;.;.;.;.;.;.;.;.;.;.;.;.;.;.;.;.;.;.;.;.;.;.;.;3112,6;1485,8;1626,8;753;212,4;2584;142,6;1586,4;19,5;13,4;3436;1736;1701;2302;1134;19,8;18,6;21,3;21,5;17,2
2002;4;.;.;.;.;.;.;.;.;.;.;.;.;.;.;.;.;.;.;.;.;.;.;.;.;.;.;.;.;3217;1571,2;1645,8;767,3;213,1;2678,3;166,8;1645,9;20;8,3;3375;1766;1608;2260;1115;19,7;19;20,6;21,3;17,2
2003;1;.;.;.;.;.;.;.;.;.;.;.;.;.;.;.;.;.;.;.;.;.;.;.;.;.;.;.;.;3321;1654,9;1666,1;783,2;213,3;2787,2;169,2;1709,6;20,6;14,5;3453;1844;1609;2227;1226;20,6;20,3;20,9;21,2;19,5
2003;2;.;.;.;.;.;.;.;.;.;.;.;.;.;.;.;.;.;.;.;.;.;.;.;.;.;.;.;.;3134,6;1514,2;1620,4;738,8;198,9;2662,1;80,4;1676,5;19,7;20,2;3288;1734;1554;2134;1154;19,4;18,9;19,9;20,1;18,2
2003;3;.;.;.;.;.;.;.;.;.;.;.;.;.;.;.;.;.;.;.;.;.;.;.;.;.;.;.;.;3073,3;1460,5;1612,8;757,4;190,5;2627,4;135,9;1653,7;19,4;22,2;3300;1691;1609;2207;1092;19,4;18,3;20,6;20,9;16,8
2003;4;.;.;.;.;.;.;.;.;.;.;.;.;.;.;.;.;.;.;.;.;.;.;.;.;.;.;.;.;3175,7;1541;1634,7;764,2;189,9;2697,6;157,9;1666,9;20;10,3;3273;1695;1578;2197;1076;19,3;18,4;20,3;20,9;16,6
2004;1;.;.;.;.;.;.;.;.;.;.;.;.;.;.;.;.;.;.;.;.;.;.;.;.;.;.;.;.;3265,8;1617,6;1648,2;779,5;184,3;2775,5;164,2;1702,5;20,4;21,4;3509;1856;1652;2245;1263;20,7;20,2;21,3;21,3;19,6
2004;2;.;.;.;.;.;.;.;.;.;.;.;.;.;.;.;.;.;.;.;.;.;.;.;.;.;.;.;.;3071,2;1465,2;1606;742;169,7;2631,3;.;1632;19,4;25;3225;1700;1525;2058;1167;19,1;18,5;19,8;19,6;18,2
2004;3;.;.;.;.;.;.;.;.;.;.;.;.;.;.;.;.;.;.;.;.;.;.;.;.;.;.;.;.;2970,9;1387,1;1583,8;735;154,6;2564,9;.;1582,9;18,9;28,8;3106;1610;1495;2038;1068;18,2;17,4;19,1;19,3;16,4
2004;4;.;.;.;.;.;.;.;.;.;.;.;.;.;.;.;.;.;.;.;.;.;.;.;.;.;.;.;.;2999,6;1431,1;1568,5;708,2;146;2573,8;.;1565,3;19;13,2;3081;1555;1526;2021;1060;18;16,7;19,5;19,1;16,2
2005;1;.;.;.;.;.;.;.;.;.;.;.;.;.;.;.;.;.;.;.;.;.;.;.;.;.;.;.;.;3052,6;1487,9;1564,7;694,2;140,5;2632,2;124,7;1580,8;19,2;26,8;3199;1663;1536;2050;1149;18,9;17,9;20;19,4;17,9
2005;2;.;.;.;.;.;.;.;.;.;.;.;.;.;.;.;.;.;.;.;.;.;.;.;.;.;.;.;.;2827,4;1317,8;1509,6;679,8;129;2468,4;91,9;1493,5;18;35,1;3072;1596;1476;2004;1067;18,1;17,2;19,1;19;16,4
2005;3;.;.;.;.;.;.;.;.;.;.;.;.;.;.;.;.;.;.;.;.;.;.;.;.;.;.;.;.;2760,1;1254,1;1506;681,9;119,6;2419,6;140,3;1427,2;17,6;39,8;3017;1504;1513;2041;976;17,4;15,9;19,1;19;14,7
2005;4;.;.;.;.;.;.;.;.;.;.;.;.;.;.;.;.;.;.;.;.;.;.;.;.;.;.;.;.;2773;1286,6;1486,4;656,6;110,6;2398,7;139,7;1391,6;17,6;17,5;2893;1448;1445;1860;1033;16,7;15,4;18,3;17,4;15,7
2006;1;.;.;.;.;.;.;.;.;.;.;.;.;.;.;.;.;.;.;.;.;.;.;.;.;.;.;.;.;2822;1336,6;1485,4;650,9;107,6;2433,7;139,8;1378,8;17,8;39,4;2701;1429;1273;1692;1009;16,1;15,5;16,8;16,2;15,8
2006;2;.;.;.;.;.;.;.;.;.;.;.;.;.;.;.;.;.;.;.;.;.;.;.;.;.;.;.;.;2487,6;1110,1;1377,5;598,8;97,6;2163,2;69,9;1260,4;15,9;57,1;2365;1238;1128;1523;842;14,1;13,4;14,9;14,6;13,2
2006;3;.;.;.;.;.;.;.;.;.;.;.;.;.;.;.;.;.;.;.;.;.;.;.;.;.;.;.;.;2363,6;1012,9;1350,8;586,4;88,9;2069,2;108,7;1190,9;15,2;61,7;2235;1122;1113;1484;751;13;12;14,3;14,1;11,4
2006;4;.;.;.;.;.;.;.;.;.;.;.;.;.;.;.;.;.;.;.;.;.;.;.;.;.;.;.;.;2309,4;1003,7;1305,7;545,3;83,3;1998,6;102,4;1139,4;14,8;30,7;2076;1021;1055;1328;748;12,2;11;13,7;12,7;11,5
2007;1;8007,2;103,2;5290,9;2584;178,7;2144,9;145;115,4;419,6;1026,6;460,2;140,7;250,2;117,4;1027;608,2;5063,5;2523,8;178,9;2086,9;144,6;113,5;379,8;966,4;450,6;137,2;232,3;114;2232,5;982;1250,4;508;77,3;1930,7;93,2;1093,6;14,3;64,5;1894;986;908;1160;734;11,3;10,7;12,1;11,2;11,6
2007;2;8070,6;103;5338;2592,9;178,9;2152,5;144,3;117,2;436,1;1037,5;462,4;141,6;254,6;116,9;1018,8;610;5122,5;2533,7;178,7;2095,1;144,4;115,5;399,5;978,9;453,8;139,9;237;114;1895,1;787,3;1107,7;440,3;68,2;1639,3;45,8;948,6;12,3;77,2;1602;842;759;1024;577;9,6;9,2;10,1;9,8;9,1
2007;3;8117,3;103,2;5381,1;2611,9;178,5;2172,1;143,8;117,5;440,2;1045,6;464,5;143,5;259;116,3;1015,6;610,2;5170,7;2543,5;178,9;2105,1;142,9;116,6;407,1;988,9;458,3;140,5;241,9;113,4;1777,8;718,7;1059;424,1;60,2;1546,4;69,5;855,8;11,6;70,2;1531;774;757;1001;530;9;8,4;9,8;9,6;8,2
2007;4;8126,6;103,4;5407,1;2611,6;177;2173,3;144,4;116,9;435,5;1064;467,1;145,3;263,8;116,1;1014;609,9;5227,1;2576,5;177,5;2139,8;143,6;115,5;414,7;995,5;461,4;141,7;249,8;113,5;1746,6;729,2;1017,3;404,8;55,3;1495,9;72,2;787,2;11,2;44,5;1448;720;728;930;518;8,5;7,8;9,4;8,8;8
2008;1;8303,1;103,7;5569,8;2676,8;178,3;2229,1;151,3;118;447,6;1102,5;481,2;160;270;116,6;1019,6;610,3;5362,2;2623,6;177,2;2179,6;151;115,8;412,7;1049,3;474;157;250,9;113,3;1702,2;730,7;971,5;380,3;50,2;1451,9;69,5;735,8;10,9;71,3;1361;701;660;859;502;8,1;7,6;8,7;8,2;7,9
2008;2;8329,5;103,2;5580,9;2669,7;180,3;2219,7;150,3;119,4;452,8;1111;482;160,8;275;116,5;1009,1;611,6;5375,2;2628,8;178,4;2182,9;150,2;117,4;415,8;1053,2;471,7;157,2;256,4;114;1455,3;597,9;857,4;335,6;43,7;1234,1;44,6;623,6;9,4;80,7;1196;606;590;735;461;7,1;6,5;7,7;7;7,2
2008;3;8346,8;102,8;5587,6;2654,2;181,6;2202;150,7;119,9;454,3;1122,2;482,9;162,9;279,7;116,4;1010,4;612,8;5401;2614,8;179,9;2166,8;149,6;118,5;420,6;1070;473,4;158,8;257,3;113,8;1376,6;562,3;814,2;326,3;38,3;1163,4;69,3;540;8,9;73,8;1132;530;603;705;427;6,6;5,7;7,8;6,7;6,5
2008;4;8270;101,8;5516,5;2598,3;180,9;2146,5;150,7;120,2;445,4;1127;479,8;163,8;276,7;115,2;1020,1;616,8;5430,2;2623,4;181,1;2172,8;149,8;119,7;437,5;1077,6;475,8;158,7;266,9;113,1;1473,8;640,4;833,4;328,9;41;1202,5;77,9;501,3;9,5;30;1154;559;594;733;421;6,7;6;7,6;6,9;6,4
2009;1;8238,2;99,2;5498,1;2542,5;181,1;2089,7;150,3;121,4;462,1;1126,9;485,4;163,8;277,3;112,6;1022,1;618,8;5365,4;2523,8;180;2074,1;150,1;119,6;433,5;1092,6;482;160,7;259,7;109,6;1758,8;844,8;914;359,3;52,3;1390,2;94,6;497,2;11,1;45,6;1414;724;690;905;508;8,3;7,7;8,9;8,5;7,8
2009;2;8225,2;99,8;5463,2;2502,8;180,4;2050,5;149,3;122,7;468,9;1125,9;484,7;163,6;274,6;114,2;1015;624,3;5322,5;2483,3;180,6;2032,5;149,1;121,1;438,7;1091,4;482,3;162,2;262,2;112,1;1658,7;790,2;868,5;349,7;58,5;1287,7;61,9;454;10,6;41,2;1355;705;650;837;518;7,9;7,5;8,4;7,9;7,9
2009;3;8233,4;100,1;5449,7;2485,6;180,2;2033,1;148,9;123,5;472,4;1123;481,8;161,6;274,6;113,9;1022,1;625;5302;2448,6;179,6;1998,8;148,7;121,4;444,9;1096,1;475,3;158,9;254,5;111,2;1715,9;807,9;908;378,3;63,3;1360,7;106,8;449,1;10,9;44,5;1404;728;676;873;532;8,1;7,6;8,6;8,1;8
2009;4;8213,2;99,3;5418,2;2467,4;179,4;2015,7;149,2;123,2;458,1;1124,3;469,6;160,8;276;112,9;1033,5;632,9;5320;2457,8;179,5;2004,7;148,9;124,7;452;1090,3;463,4;159,6;272,4;109,8;1892,7;926,3;966,4;398,8;67,7;1512,7;120,3;488,9;12,1;21,3;1471;778;694;926;545;8,5;8,2;8,8;8,6;8,2
2010;1;8274;100,4;5477,8;2486,8;181,2;2033,3;147,1;125,3;456,4;1120,1;478,5;163,8;274,6;113,9;1035,4;633,2;5295,5;2441,3;180,6;1990,5;146,9;123,3;426,4;1079,9;469,6;161,2;257,3;110,8;2076,7;1060,7;1016;408,6;73,8;1663,1;125,9;550,4;13;55,6;1798;987;811;1131;667;10,6;10,5;10,7;10,8;10,3
2010;2;8334,1;101,3;5522,7;2503;180,6;2048,9;146,5;127;471,5;1124,9;476,7;163,6;274,3;115,1;1026,2;633,4;5343,3;2463,4;180;2010,7;147,1;125,6;435,9;1087,4;467,5;161,6;257,1;113,1;1843,9;902,1;941,8;376,6;67,3;1496,1;66;529,6;11,7;51,1;1630;874;756;1033;597;9,5;9,3;9,8;9,8;9,1
2010;3;8372;101,7;5549,8;2512,3;169,2;2059,1;156,7;127,3;478,9;1129,2;476,3;163,2;275,1;115,3;1029,4;634,5;5380,9;2465,3;175,5;2014,2;149,8;125,9;447,8;1093,8;469,3;160,7;260,1;113,7;1812,6;849,9;962,8;391,7;61,5;1514,3;111,7;539,5;11,5;53;1576;823;753;1013;563;9,1;8,6;9,7;9,6;8,5
2010;4;8365,6;101,9;5548,2;2504,5;167,1;2054,1;156,6;126,7;471,7;1137,7;478,5;158,6;277,8;115,5;1038,3;638,9;5470,6;2487,8;167,1;2038,7;157,3;124,7;474,3;1112,4;472,1;154,8;262,9;115,7;1954,7;939,9;1014,8;405,1;61,2;1628,1;122,6;568,7;12,4;23,5;1597;839;757;1005;591;9,3;8,9;9,9;9,5;9
2011;1;8503,6;102,8;5698,7;2559,8;168,4;2107,4;155;129;494,8;1153,3;486,4;167,9;279,9;122,5;1039,2;637,2;5510,9;2511,1;167,7;2061,4;155;127;460,7;1109,9;477,5;164,6;260,3;119;2133,9;1040,2;1093,7;433;62,5;1783,7;142,8;620,3;13,3;47,7;1714;938;776;1054;660;10;10;10,1;10;10,1
2011;2;8515,3;102,2;5716;2561,6;169;2108,9;153,8;129,9;506,8;1157,1;483,3;169,1;281,8;122,9;1029,6;631,5;5529,6;2515,3;167,7;2065,1;154,1;128,3;470,5;1114,3;475,4;166,2;259,7;120,5;1883,3;875;1008,3;386,3;58,4;1579,4;62,4;600,2;11,9;47;1624;851;774;1018;607;9,4;9;10,1;9,6;9,1
2011;3;8501,8;101,6;5707,9;2548,5;169,4;2096,8;152,3;129,9;510,6;1153,9;482,6;169;282,4;120;1030,1;627,8;5551,8;2514,8;166,7;2065,2;152,7;130,1;478,6;1120,4;474,2;166,3;262;120,9;1861,7;837,1;1024,6;391;55,8;1572,9;106,2;623,2;11,8;49,5;1614;794;821;1008;607;9,3;8,3;10,6;9,5;9
2011;4;8476;101,3;5676,2;2534,6;170,1;2084,6;150,5;129,4;499,8;1158,7;481,9;169,3;286;119,1;1033,5;636,4;5584,2;2519;169,2;2068,4;152,1;129,2;504,1;1125,4;475,9;166,4;272;117,1;1982,7;922,5;1060,2;394,4;58,7;1656,2;123,9;685,2;12,5;22;1682;842;840;1026;656;9,7;8,8;10,8;9,7;9,8
2012;1;8526,4;100,3;5731;2544,2;171,3;2094,4;148,5;129,9;515,6;1162,4;499;175,2;286,7;120,3;1035,4;630,8;5545,5;2496,8;170,6;2049,4;148,7;128,1;482,9;1120,2;488,8;171,7;265,2;117,1;2141,9;1039,1;1102,8;399,6;64,5;1779;131,8;739,7;13,3;42,4;1809;959;849;1065;743;10,5;10,1;11;10,1;11,2
2012;2;8518;100;5726,6;2536,5;171,5;2090,4;144,1;130,5;518,9;1163,3;497,3;174,8;286;119,2;1026,1;629,2;5545,6;2493,1;171,2;2047,7;145,3;128,8;485,8;1124,7;488,3;171,7;267,8;116,4;1964,4;930,8;1033,6;369,1;67,3;1635,8;58,5;707,9;12,3;44,4;1713;880;833;1033;679;9,9;9,2;10,7;9,8;10,1
2012;3;8487;99,8;5705,9;2529,2;171;2085,3;142,9;130,1;511,3;1160,4;495,8;174,9;285,7;118,1;1014,9;627,8;5552,1;2489;170,7;2046,8;143;128,5;490,4;1125,1;486,5;172,2;273;115,9;1979;922,9;1056,1;388,1;68,4;1668,6;107,6;721,1;12,4;44;1718;865;853;1053;665;9,9;9;10,9;9,9;9,7
2012;4;8446,9;99,7;5650,8;2506,5;169,9;2067;140,3;129,3;491,4;1157,2;491,5;175,3;284,9;116,4;1036,2;632;5551,4;2481,8;170;2042,4;140,6;128,8;493,8;1117,8;482,7;120,8;256,7;114,8;2136,8;1037,6;1099,2;397;87,7;1778,6;126,5;757,2;13,4;23,1;1757;894;864;1079;678;10,1;9,3;11,1;10,2;10
2013;1;8476,1;99,4;5679,7;2511,5;170,7;2073;137,6;130,2;476,8;1160,9;498,1;179,1;280,8;114,4;1054,8;628,3;5500,4;2468,3;171;2031,3;137,3;128,6;447,6;1118;490,4;176,4;259,9;111,3;2314,5;1173,6;1140,8;402,6;113,6;1916;132,5;811,5;14,3;40,8;1944;1025;919;1167;777;11,3;10,8;11,9;11,1;11,6
2013;2;8489,8;99,7;5691,4;2513,3;169;2076,8;136,9;130,6;477,8;1160,4;497,4;179,3;280,7;114,3;1046,2;629,7;5481,3;2461,6;169,1;2026,6;137;128,9;442,1;1111,6;488,9;176;257,2;111,5;2109,1;1044,8;1064,3;374,8;115,1;1769,1;58,2;783,4;13,2;48,1;1812;941;871;1081;731;10,4;9,8;11,2;10,2;10,8
2013;3;8499,2;100,1;5706;2519,6;167,7;2084,4;136;131,5;474,8;1162,2;495,8;181,2;281;114,1;1040,7;629,6;5486,8;2457,4;167,4;2026,3;135,3;128,4;443,3;1111,4;485,9;176,7;255,2;110,6;2083,1;998,8;1084,3;393,8;111,9;1793,1;106,1;791;13;50,5;1714;868;846;1052;662;9,8;9;10,8;9,9;9,7
2013;4;8509;100,7;5692,5;2513,1;164,2;2082,5;134,8;131,7;462,6;1175,4;494,7;182,7;284;113,8;1053,8;639,1;5509,3;2464,1;164,6;2036;133,7;129,8;450,1;1118,1;484,3;177,5;264,7;111,8;2157,9;1058,4;1099,5;393,2;113,5;1860,1;121,2;827,1;13,4;30,6;1700;873;827;1038;662;9,8;9,1;10,5;9,8;9,7
2014;1;8539,2;100,7;5740,6;2540,8;164;2110,5;133,7;132,7;440,5;1181,7;501,1;186;280,9;116,1;1047,3;637,6;5508,3;2478,7;161,1;2054,8;132,3;130,5;408,6;1123,7;488,3;181,3;254,6;112;2182,2;1098,3;1083,9;374,9;116;1885,7;113,1;868,4;13,5;61,1;1846;980;866;1089;757;10,6;10,3;11;10,3;11,1
2014;2;8561,3;100,8;5763,9;2549,5;160,9;2124,3;131,1;133,1;443,4;1186,6;503,1;186,8;281,7;116;1038,8;634,7;5517,1;2487,8;158,6;2068,4;130,1;130,7;410,3;1128,1;487;181,2;254,1;112,2;1912,5;939,8;972,7;331;105,7;1659,5;45,9;816,2;12;72,7;1585;832;753;912;672;9,1;8,7;9,7;8,6;9,9
2014;3;8582,2;101;5776,3;2556,5;158,7;2135,1;129,2;133,4;442,1;1189,5;502,2;187,6;280,6;115,9;1047,2;632,9;5527,1;2486,4;155,5;2075,5;125,1;130,3;410,3;1130,7;487,9;182,4;249,3;112,5;1821,9;869;952,9;330,9;97,8;1592,6;81,7;786;11,5;86,5;1426;722;704;856;570;8,2;7,5;9;8;8,3
2014;4;8608,7;101,2;5773,7;2557,9;156,6;2139,7;128;133,6;432,2;1200,2;501,6;190;283,3;115,5;1066,9;641,9;5565,4;2501,8;153,1;2091,7;125,9;131,2;416,9;1136,8;487,6;184;265,6;112,8;1825,2;885,5;939,6;315,4;94,6;1582,8;85,4;760,1;11,4;39,7;1410;726;684;827;583;8,1;7,6;8,7;7,8;8,5
2015;1;8628,9;101,1;5811,5;2585,8;153,4;2172;126,8;133,6;414,7;1212,7;512,2;192,8;279,9;114,6;1061,6;638,1;5570,5;2522,6;151,6;2114,4;125,3;131,2;383,7;1148,8;498,3;187,4;249,9;109,9;1860,6;922;938,7;302,8;97,7;1603,8;83,2;754,5;11,5;69,9;1494;811;683;863;631;8,6;8,5;8,8;8,2;9,3
2015;2;8636,9;100,9;5818,8;2583,6;150;2174,9;124,4;134,3;417,2;1214,2;513,2;193,2;279;115,2;1053,8;637,6;5572,7;2521,2;147,5;2118,9;123,2;131,6;382,9;1150,7;498,1;187,7;245,7;110,6;1622,3;780,4;841,9;259,9;90,2;1395,1;37;682,3;10,2;93,8;1281;698;583;761;520;7,4;7,4;7,5;7,2;7,7
2015;3;8664,6;101;5839,1;2588,5;146,7;2184,4;123;134,3;417;1215,3;513,4;196,9;274,9;115;1063,9;639,2;5587,3;2519,9;144,3;2122,5;121,6;131,5;389,3;1150,5;497,4;192,7;238,8;110,8;1539,4;722,2;817,1;255,6;83,5;1333,7;67,1;638,2;9,7;97,9;1232;646;587;734;499;7,1;6,7;7,5;6,9;7,3
2015;4;8711,9;101,2;5866,8;2594,7;143,8;2193,2;122,3;135,4;411;1226,6;515,8;206;269,8;114,2;1082,3;648,3;5675,9;2540;140,2;2145,5;120,5;133,8;394,5;1168;499,2;216,4;234,2;111,9;1563,3;747,2;816,1;250,1;79,5;1346;71,6;620,9;9,7;51,2;1210;652;558;692;518;6,9;6,8;7,1;6,5;7,6
2016;1;8829,9;102,3;5974,4;2637,8;142,2;2238,9;121,1;135,8;410,9;1243,2;528,3;212,2;274;113,2;1083,8;655,4;5717;2569;139,4;2176,8;119,4;133,4;382,5;1175,7;510,4;205,3;244,5;109,4;1600,5;781,4;819;238,1;79,5;1377,3;69,2;625,8;9,9;84,6;1203;660;543;681;522;7;7;7;6,6;7,6
2016;2;8865,7;102,6;6014,1;2651,2;138,9;2255,4;120,2;136,7;414,1;1251;532,1;214,4;272,7;113,1;1072,1;657;5750;2581;135,9;2193,2;117,9;134,1;384;1182,6;513,6;207,9;240,6;108,7;1392,5;655,8;736,6;208,9;71;1199;30,4;578,5;8,7;113,6;1066;598;468;642;424;6,2;6,3;6;6,2;6,2
2016;3;8898,5;102,7;6036,6;2664,4;137,9;2269,8;119,8;137;413,3;1254,2;533,7;210,7;274,9;113,2;1078,8;659,5;5767,3;2593;133,9;2207,2;117,7;134,2;383;1183,2;516,1;193,5;250,5;109,6;1324,1;605,8;718,3;204,9;64,9;1148,7;52,7;554,7;8,3;108,5;1027;547;480;611;415;5,9;5,7;6,2;5,8;6,1
2016;4;8946,6;102,7;6065,2;2666,5;135,1;2274,5;119,5;137,3;408;1271;537,3;218,2;269,5;113,6;1098,3;668,5;5806,5;2583;132;2199,5;116,5;135,1;391,2;1217,7;515;211,2;245,6;110,3;1335,2;622,9;712,2;193,7;63,1;1335,2;52;542,8;8,2;63;958;519;439;536;422;5,5;5,4;5,7;5,1;6,1
2017;1;9138,2;103,5;6260,7;2728,5;133,7;2336,6;119,3;138,8;419,6;1306,8;565,5;225,6;275,3;117,3;1091,9;666,2;5967,9;2649,5;131,1;2265,2;117,3;135,9;382,6;1232,7;545,6;218,4;243,8;113;1324,2;626,1;698,1;179,6;62,4;1131,4;48,6;531,1;8;108,3;926;513;414;516;411;5,4;5,4;5,4;5;6
2017;2;9168,5;103,4;6293,3;2738,8;132,4;2348,1;118,7;139,5;422,2;1311,1;568;226,9;275,9;116,8;1079,7;665,2;5989,3;2656,3;129,1;2275,2;116,1;135,8;382,2;1235,1;549,8;218,6;246,1;112,5;1151,6;521,2;630,5;160,7;55,9;982,8;23,8;493,4;7;119,3;863;493;370;510;353;5;5,2;4,7;4,9;5,1
2017;3;9203,6;103,4;6321,7;2750,6;133,5;2359,1;118,6;139,4;423,7;1314,1;567,7;228,9;272,9;115,2;1089,1;666,9;6035,1;2670,2;128,6;2288,5;116;137,2;389,5;1239,2;548;220,2;245,7;113,8;1117,1;490,7;626,4;162,1;51,1;961,5;42,4;469,8;6,8;113,8;818;436;381;497;320;4,7;4,5;4,9;4,8;4,7
2017;4;9244,9;103,3;6349,7;2754,5;133,8;2363,5;118,3;139;421,9;1326,4;578,2;230,5;272;114,6;1105,2;670,3;6076,1;2681,2;128,1;2299,2;115,7;138,2;401,4;1254,8;545,5;223,2;238,2;111,7;1081,7;486,2;595,5;150,4;46,8;922,2;38,4;438,4;6,6;66,9;769;415;353;414;355;4,5;4,4;4,6;4;5,2
2018;1;9400,1;102,9;6500,5;2802,8;134,2;2409,2;118,8;140,7;437,1;1350,5;602;234,6;275,5;114,3;1106;676,1;6191,1;2719,2;130;2335,4;116,4;137,5;399,9;1273,3;581,7;226;243,3;110,1;1092,2;501;591,1;143,6;45,4;929,6;37,3;430;6,6;99,7;709;382;327;382;327;4,2;4,1;4,3;3,7;4,8
2018;2;9431,1;102,9;6529;2815,1;134,1;2420,3;117,9;142,9;442,3;1352,6;606;236,3;276,6;114;1095,5;678,4;6223,5;2733,7;129,6;2349,9;115,5;138,8;405,1;1279,6;586,1;227,7;245,9;109,3;967,9;424,2;543,7;131,6;41;822,8;17,9;402,4;5,8;110,6;617;350;267;361;256;3,6;3,7;3,4;3,5;3,8
2018;3;9452,9;102,7;6530,3;2814,6;133,8;2419,9;117,8;143,2;443,5;1351,4;607,6;239,1;275,4;113,4;1114;680,4;6243,7;2734,6;129;2350,7;114,9;140;413,9;1277,7;582,2;231,9;242,9;108,8;947,4;406,9;540,5;133,9;38,6;810,4;32,8;388,8;5,7;98;662;376;286;366;296;3,8;4;3,7;3,5;4,3
2018;4;9481,2;102,6;6538,4;2822;134,4;2424,3;120;143,3;438,8;1358,8;613,6;241,1;278,5;113,3;1124,9;686,9;6259,9;2742,9;128,7;2358,2;116,7;139,3;419,6;1283,5;584,4;231,5;247,3;109,3;968,9;426,3;542,6;129,5;37,9;815,6;34,6;383,3;5,8;62,7;649;344;305;362;287;3,8;3,6;4;3,5;4,2
2019;1;9635,6;102,5;6697,6;2862,5;134,9;2461,5;120,4;145,7;461,7;1384,5;635,9;250,3;274,8;114,4;1124,8;688;6382,2;2781,6;131,1;2391;117,5;142;422,1;1309,8;613,5;240,8;246;109,8;984,7;443,3;541,5;123,1;38,7;827,5;33;380,7;5,9;84,6;666;318;348;373;293;3,9;3,4;4,6;3,7;4,3
2019;2;9647,7;102,3;6711,2;2867,2;135,5;2464,7;120,6;146,3;464;1388,6;639,7;251,4;275;115,1;1112;692,6;6393,9;2788,2;130,6;2398;117,5;142,2;423,6;1310,8;613,8;242;243,9;110;877,1;382,9;494,2;112,5;35,7;735,8;15,2;360,8;5,3;83,9;548;296;251;308;240;3,2;3,2;3,3;3;3,5
2019;3;9650,6;102,1;6710,3;2860,6;134,5;2459,5;120,2;146,4;462,8;1388,4;644,2;254,5;273,3;113,9;1128;684,1;6403,9;2783,1;130,3;2393,1;117,3;142,5;424,4;1316,6;615,9;245,1;243,2;109,7;851,2;367,8;483,3;114,4;34;718,7;30;338,5;5,1;85,1;;;;;;;;;;
