rok;okr;hhPO;maxPO;topPO;max3PO;top3PO;max6PO;top6PO;cum90PO;hhPSL;maxPSL;topPSL;max3PSL;top3PSL;max6PSL;top6PSL;cum90PSL;hhPiS;maxPiS;topPiS;max3PiS;top3PiS;max6PiS;top6PiS;cum90PiS;hhSLD;maxSLD;topSLD;max3SLD;top3SLD;max6SLD;top6SLD;cum90SLD;
2005;01;1061.8;21.7;21.7;44.9;44.6;70.1;60.8;11;2271.6;43.8;43.8;66.8;66.8;79.0;76.7;12;1105.1;25.5;25.5;47.6;42.3;66.8;65.0;15;2953.6;48.0;48.0;79.1;72.7;91.0;91.0;6;
2005;02;1795.7;37.0;37.0;58.6;54.3;77.0;74.3;10;2936.4;51.4;51.4;69.4;63.1;85.4;78.2;8;1236.9;22.8;22.8;50.4;50.4;69.2;64.6;11;2338.9;36.5;23.2;77.5;66.7;96.1;95.0;5;
2005;03;3659.2;58.9;58.9;74.6;73.5;84.3;84.3;10;1070.4;25.9;25.9;44.2;41.9;64.2;60.5;15;2498.0;46.9;46.9;66.8;64.4;80.6;75.0;12;2017.8;39.1;39.1;65.5;65.5;81.7;79.8;11;
2005;04;1399.5;28.2;28.2;54.5;47.4;78.5;71.0;11;1937.9;39.9;39.9;60.1;59.7;76.3;74.0;13;1253.7;24.3;24.3;56.4;56.4;72.8;72.8;15;4164.9;63.3;63.3;78.6;73.1;87.7;81.9;7;
2005;05;1317.4;26.8;26.8;53.8;53.8;72.8;67.3;12;1258.0;29.5;29.5;49.0;37.1;67.2;51.3;15;1162.5;25.1;25.1;49.7;47.8;71.9;71.9;15;1551.9;32.0;17.3;58.7;56.3;75.1;66.5;14;
2005;06;1894.1;38.9;38.9;60.0;58.6;77.4;70.6;13;788.3;17.8;17.8;37.4;36.1;59.7;49.6;17;1121.5;27.9;27.9;45.7;42.4;61.0;58.4;17;1757.3;30.2;26.4;64.1;64.1;76.4;73.3;15;
2005;07;996.0;23.3;23.3;43.4;42.1;61.9;58.4;15;841.8;15.7;12.9;38.8;29.0;63.2;55.2;14;1055.2;24.6;24.6;45.9;45.9;65.5;60.4;15;1236.7;26.6;26.6;48.7;48.7;73.7;71.9;12;
2005;08;1154.1;24.3;24.3;50.5;43.5;69.7;58.4;15;2207.7;44.7;44.7;56.6;56.6;71.1;66.4;13;1423.2;31.3;31.3;53.4;47.1;71.8;66.6;13;1094.9;17.7;16.9;48.7;35.2;73.2;62.4;14;
2005;09;1674.6;32.4;32.4;64.2;64.2;79.9;76.0;11;1144.3;18.9;18.9;51.9;47.5;72.3;57.3;12;1400.0;27.5;27.5;58.0;49.6;73.6;71.6;12;1578.1;30.0;30.0;60.0;56.9;82.3;74.8;9;
2005;10;2538.4;47.4;47.4;65.2;65.2;81.9;77.6;10;1633.3;34.3;34.3;57.1;57.1;74.3;69.5;12;1706.5;35.7;35.7;58.6;58.6;75.6;66.4;11;1405.9;28.2;28.2;53.9;46.9;78.8;73.0;10;
2005;11;1572.8;31.9;31.9;59.3;59.3;77.9;77.9;10;789.7;17.4;17.4;36.5;34.5;58.8;56.0;15;912.6;22.9;22.9;39.5;34.3;59.1;57.8;16;5553.1;73.8;73.8;86.3;86.3;92.7;91.6;5;
2005;12;1231.1;27.2;27.2;48.1;45.9;70.0;64.9;12;1668.5;35.2;35.2;52.5;50.2;74.2;71.8;9;1168.1;20.7;18.1;52.4;52.4;72.0;66.6;11;2437.9;45.3;45.3;67.5;67.5;84.9;78.7;8;
2005;13;3314.3;56.2;56.2;67.3;64.6;80.7;72.2;10;1436.3;25.8;25.8;59.5;44.7;78.3;53.6;11;5999.0;76.7;76.7;88.9;88.7;93.0;91.9;4;2446.0;33.7;33.7;80.5;68.4;86.9;86.5;8;
2005;14;1416.7;25.3;25.3;56.6;54.8;78.7;69.6;10;1557.0;27.5;27.5;62.6;62.5;82.6;74.2;9;888.1;13.0;13.0;35.1;33.0;65.3;63.4;11;3072.2;51.0;51.0;75.3;75.3;87.2;84.4;7;
2005;15;1363.1;30.3;30.3;51.1;51.1;70.6;69.8;12;2347.9;42.4;42.4;68.9;67.7;85.8;80.4;8;1029.1;17.7;16.5;46.0;42.5;70.5;67.9;12;5449.1;73.3;73.3;81.3;79.1;89.5;85.8;7;
2005;16;1438.3;24.9;24.9;59.2;51.3;77.8;61.9;10;1615.6;36.2;36.2;49.8;49.8;67.7;63.3;13;1149.0;26.9;26.9;46.0;46.0;67.2;64.6;14;1878.6;35.4;35.4;63.6;60.3;84.2;75.0;8;
2005;17;2096.8;42.6;42.6;58.2;55.4;73.4;73.1;11;1058.3;23.3;10.1;44.6;29.0;66.3;47.7;12;1180.7;20.9;20.9;52.8;41.8;72.5;65.6;11;2363.4;38.9;38.9;77.1;77.1;87.8;85.8;8;
2005;18;1409.2;26.5;26.5;55.9;39.3;73.6;72.7;13;1552.8;32.7;32.7;55.6;53.6;77.6;77.6;11;1083.9;19.5;19.5;50.3;50.3;67.6;67.3;15;1783.9;35.6;35.6;59.5;47.8;77.1;77.1;10;
2005;19;3335.4;54.8;54.8;78.0;62.9;84.3;67.8;11;1805.5;40.1;40.1;53.9;53.9;63.7;59.5;23;5712.2;75.3;75.3;81.2;81.2;86.1;84.3;11;2804.1;41.2;41.2;84.8;72.4;89.2;76.6;7;
2005;20;2509.1;47.2;47.2;65.9;64.3;78.2;76.4;12;2542.2;47.4;47.4;66.4;66.4;78.4;75.3;11;1743.5;38.2;38.2;54.6;52.7;69.4;65.2;14;2218.8;39.3;39.3;68.6;67.4;83.0;78.8;8;
2005;21;1218.0;22.0;22.0;51.0;49.0;78.3;73.8;11;816.6;17.1;17.1;40.6;38.2;59.9;50.3;17;1401.5;32.7;32.7;50.8;47.5;67.8;62.7;16;1356.2;27.1;27.1;54.9;49.7;74.5;69.3;13;
2005;22;1581.2;33.6;33.6;56.7;55.5;76.0;74.5;12;1431.1;29.8;29.8;55.8;55.8;74.3;70.7;11;1265.9;27.3;17.4;51.4;48.6;67.4;61.5;14;1547.2;26.5;26.5;60.0;47.0;84.0;81.7;9;
2005;23;1157.0;25.2;25.2;53.0;53.1;66.5;65.0;17;1498.0;29.2;29.2;58.9;51.5;74.9;66.2;14;598.6;11.0;10.8;30.8;20.5;49.3;45.0;18;1774.3;35.5;35.5;62.7;58.6;78.7;78.7;12;
2005;24;1127.4;25.1;25.1;50.4;48.0;67.3;57.1;17;936.4;18.3;10.8;45.4;34.6;63.4;59.2;14;2306.2;43.7;43.7;67.0;66.2;80.1;76.4;13;1913.0;33.4;26.0;64.6;64.0;79.5;76.2;13;
2005;25;3484.2;57.0;57.0;74.4;66.3;86.4;78.0;8;1461.3;25.8;25.8;59.9;39.6;82.1;76.2;9;1709.3;29.5;26.2;62.1;62.1;76.1;73.5;13;2583.2;40.8;40.8;79.2;79.2;92.2;91.6;5;
2005;26;1496.9;34.2;34.2;49.7;48.3;68.4;65.5;14;1621.5;28.0;28.0;63.1;63.1;79.7;75.0;9;1048.7;20.5;20.5;46.7;43.5;67.0;62.8;14;1807.3;28.8;28.8;67.2;63.4;87.2;85.1;7;
2005;27;1673.2;33.2;33.2;60.5;60.5;78.5;76.8;11;1225.5;28.9;28.9;44.8;41.2;64.1;62.0;12;1392.9;30.8;30.8;51.9;48.9;71.9;71.9;12;1692.5;32.7;32.7;59.1;58.4;83.7;81.0;9;
2005;28;1443.7;24.9;24.9;56.9;56.9;79.3;73.5;9;2270.6;42.4;42.4;68.8;59.7;83.8;73.4;8;1521.4;31.2;31.2;56.8;56.8;76.3;73.6;9;1781.6;31.1;31.1;64.0;62.7;82.5;76.6;8;
2005;29;996.2;21.0;21.0;42.6;40.0;65.9;55.7;12;889.6;16.5;16.5;40.7;40.7;62.5;57.5;12;956.8;20.9;20.9;43.2;40.8;61.7;60.7;13;2153.4;41.9;41.9;66.3;66.3;78.8;77.9;11;
2005;30;857.8;14.8;14.8;36.1;31.7;62.1;58.3;12;1108.8;26.4;26.4;43.3;35.9;62.9;54.3;13;1503.8;33.9;33.9;51.8;51.8;68.0;67.2;13;3020.5;51.5;51.5;75.1;70.9;86.5;77.6;8;
2005;31;2606.0;48.2;48.2;66.1;65.3;81.2;79.4;10;1521.5;31.9;31.9;55.5;41.1;68.0;52.0;15;1801.5;37.9;37.9;57.3;57.3;76.9;72.9;12;1863.3;38.8;38.8;56.7;56.7;75.5;75.5;10;
2005;32;1256.9;21.1;21.1;52.1;50.9;79.3;74.6;10;1326.6;26.1;20.2;54.9;52.0;71.0;66.5;13;1376.0;32.2;32.2;47.8;47.8;64.0;63.7;13;1068.7;22.0;22.0;45.2;45.2;69.3;63.5;11;
2005;33;1110.3;25.8;25.8;48.5;45.7;63.6;57.1;19;625.1;13.0;9.6;32.4;29.2;51.3;46.7;19;1499.8;36.1;36.1;47.7;46.9;60.1;57.6;20;1306.3;28.1;28.1;48.8;46.2;73.1;68.7;10;
2005;34;1423.3;27.5;27.5;55.6;53.4;80.7;80.7;9;1275.6;23.6;23.6;51.9;43.5;77.7;69.2;9;1065.5;21.4;21.4;45.2;37.5;70.2;60.9;12;2853.1;46.9;46.9;75.4;75.2;88.3;84.9;7;
2005;35;1504.7;25.4;25.4;60.5;54.3;75.6;69.4;11;871.5;14.6;14.0;39.0;36.7;65.3;61.3;13;1978.1;40.8;40.8;60.1;57.5;74.1;74.1;12;2359.0;33.0;31.9;79.5;79.5;87.4;83.9;8;
2005;36;1049.0;21.5;13.3;46.9;46.9;70.1;62.6;13;1172.2;25.8;25.8;48.6;47.6;69.2;65.6;13;1059.5;22.6;22.6;48.0;41.0;67.0;58.8;13;1520.0;25.0;22.5;62.8;57.0;79.9;76.8;11;
2005;37;1158.5;23.3;23.3;50.8;50.8;69.8;67.5;12;1369.0;23.3;23.3;58.2;52.7;75.4;64.8;11;1370.3;25.6;25.6;53.6;53.5;67.4;66.5;13;2551.5;42.9;42.9;73.3;69.0;87.4;84.7;7;
2005;38;2623.6;49.1;49.1;61.4;58.8;76.6;72.7;11;1787.7;37.1;37.1;59.6;51.8;75.6;70.2;11;1229.5;28.2;28.2;46.1;43.2;67.1;64.4;12;1491.6;28.7;28.7;57.6;53.4;80.9;65.6;9;
2005;39;2539.1;47.4;47.4;66.9;64.4;80.2;73.2;11;1458.4;28.1;28.1;56.4;46.4;79.8;76.2;10;1534.4;23.1;22.4;61.9;42.8;85.3;75.6;8;3985.8;58.3;58.3;86.3;84.7;94.0;87.9;5;
2005;40;1364.6;25.6;20.6;53.9;53.9;72.9;72.9;10;1348.7;28.7;28.7;52.1;44.0;71.8;68.0;10;1536.0;30.1;30.1;57.9;54.7;79.2;76.9;10;1839.9;36.5;36.5;60.4;57.8;83.5;79.7;9;
2005;41;1225.7;26.2;26.2;51.6;49.9;70.2;61.0;14;1015.5;25.0;25.0;42.5;32.3;59.7;51.2;14;867.5;20.6;20.6;41.3;36.1;60.2;57.3;17;2536.4;37.8;37.8;75.5;75.5;85.0;83.5;9;
2007;01;1391.9;31.3;31.3;51.6;50.9;70.4;70.4;13;1033.1;18.7;15.9;51.4;39.9;65.5;52.7;15;1190.7;27.6;27.6;47.2;45.3;67.8;67.3;14;3781.5;59.0;59.0;79.1;76.3;87.6;85.1;8;
2007;02;2352.3;44.6;44.6;65.1;65.1;82.8;82.8;9;2321.8;45.0;45.0;63.5;63.5;77.6;74.1;11;1466.9;30.5;30.5;54.2;40.7;71.7;66.3;11;1526.1;23.6;23.6;64.4;48.6;79.8;78.1;10;
2007;03;5284.0;72.3;72.3;80.0;78.9;86.5;84.9;9;751.6;18.3;18.3;39.0;39.0;54.3;52.9;18;2516.2;46.5;46.5;69.7;69.7;81.3;81.3;13;1716.0;37.2;37.2;58.3;58.3;72.3;69.5;16;
2007;04;4155.3;63.5;63.5;75.0;75.0;85.9;83.9;9;1530.6;35.6;35.6;48.9;48.5;65.6;60.2;16;1851.3;37.1;37.1;62.6;62.6;76.3;74.8;13;3027.9;53.2;53.2;68.9;67.3;79.6;70.9;12;
2007;05;1598.4;27.3;27.3;62.5;61.6;81.1;81.1;12;952.4;16.9;16.9;46.2;41.2;67.2;58.1;16;1512.3;27.4;27.4;63.0;63.0;76.3;75.5;14;1527.5;30.4;30.4;58.0;50.3;79.6;73.1;11;
2007;06;1444.1;29.9;29.9;55.5;47.4;77.2;65.2;12;751.9;14.5;13.3;37.8;35.7;60.0;57.8;18;1084.0;25.7;25.7;45.0;41.4;63.6;62.8;14;2832.9;47.2;23.3;74.5;72.4;83.5;81.1;11;
2007;07;960.3;20.8;20.8;44.0;42.3;66.9;66.9;16;856.0;19.5;19.5;38.7;38.7;59.7;57.0;15;863.1;15.6;15.6;38.9;32.0;64.1;56.6;13;1526.5;28.0;22.6;61.3;61.3;75.6;71.0;14;
2007;08;1801.7;37.3;37.3;60.1;60.1;74.8;70.5;13;3278.4;56.1;56.1;66.7;62.7;76.5;72.3;13;1432.2;23.9;23.9;59.5;59.5;81.1;80.0;10;1275.2;25.9;25.9;54.9;46.6;72.8;70.3;13;
2007;09;1645.6;23.1;23.0;63.6;60.9;86.6;85.3;8;992.9;22.8;22.8;45.3;30.8;62.8;51.8;14;1867.1;35.0;35.0;67.7;67.7;76.8;76.6;13;4887.4;69.0;69.0;81.1;78.6;90.9;90.6;6;
2007;10;2165.6;41.1;41.1;64.9;64.4;84.9;84.0;9;1198.6;21.5;21.5;53.3;53.3;69.7;67.5;12;1539.1;33.1;33.1;54.0;54.0;73.9;69.6;10;1765.5;36.4;36.4;59.0;55.5;78.9;75.8;10;
2007;11;1365.5;31.1;31.1;51.1;51.1;68.9;63.9;15;890.3;17.1;15.5;42.9;37.3;64.3;59.6;16;1120.9;26.6;26.6;46.6;46.6;64.1;61.4;14;2067.4;42.3;42.3;58.7;57.1;75.2;68.2;13;
2007;12;1811.9;36.7;36.7;57.6;55.8;82.3;78.3;9;1160.7;25.5;25.5;48.1;43.6;67.3;62.9;12;1399.8;24.2;24.2;58.1;58.1;78.8;77.6;10;2067.4;38.8;38.8;65.4;64.1;82.5;82.4;9;
2007;13;3795.7;60.4;60.4;72.2;72.0;84.9;82.6;9;1552.6;35.5;35.5;53.6;50.3;66.7;61.7;16;7284.4;85.2;85.2;90.8;90.8;94.6;93.8;3;2531.5;46.0;46.0;66.5;58.3;88.8;80.1;7;
2007;14;1480.9;28.8;28.8;57.5;51.7;78.3;75.9;10;1394.1;28.6;28.6;55.5;55.5;76.4;73.6;11;1421.5;31.3;31.3;51.4;51.4;71.5;66.6;11;3256.1;55.0;55.0;71.3;70.3;81.5;77.4;10;
2007;15;1516.7;32.9;32.9;53.0;49.0;75.0;67.6;11;2123.3;42.3;42.3;61.1;60.0;78.2;74.7;11;963.5;16.9;16.9;41.3;41.3;68.4;66.0;11;2754.8;47.7;19.6;72.3;72.2;84.1;80.2;9;
2007;16;2614.3;47.0;47.0;71.7;71.7;84.9;83.5;9;2029.4;40.5;40.5;61.5;61.5;75.1;70.2;12;1236.1;28.1;28.1;50.0;50.0;66.6;66.5;13;3737.3;59.5;59.5;76.4;73.6;86.5;84.3;9;
2007;17;2639.1;48.7;48.7;67.4;67.4;79.7;77.5;11;1221.4;27.1;14.1;49.8;49.8;68.3;67.6;13;1112.6;24.2;24.2;48.2;38.6;67.4;59.9;13;2643.0;48.3;48.3;68.7;68.7;81.1;78.1;10;
2007;18;1701.4;36.3;36.3;57.7;57.7;74.1;70.5;12;1833.8;36.4;36.4;63.0;63.0;80.3;79.9;10;1039.8;21.2;21.2;49.3;49.3;66.8;66.7;15;1785.8;39.3;39.3;52.5;47.8;66.1;65.3;14;
2007;19;7462.4;86.3;86.3;89.6;89.0;92.6;92.0;4;1427.1;32.3;32.3;56.4;49.2;66.9;58.4;22;7466.4;86.3;86.3;89.8;88.9;92.9;92.5;4;3486.9;52.0;52.0;85.5;80.1;94.9;87.5;4;
2007;20;4572.4;67.0;67.0;75.8;75.7;85.3;83.6;9;1527.9;34.9;34.9;50.0;49.7;68.0;65.0;13;2706.1;49.8;49.8;65.4;65.4;78.9;75.0;11;2914.3;52.1;52.1;67.1;62.7;78.4;75.8;11;
2007;21;1034.5;20.9;20.9;47.6;46.1;69.0;59.6;15;1173.5;29.3;29.3;45.4;45.4;62.2;57.7;18;1068.4;21.8;21.8;48.5;45.5;69.8;63.4;14;1483.7;33.1;33.1;54.0;50.7;71.7;64.4;14;
2007;22;1153.6;25.9;25.9;47.4;43.8;69.8;61.5;13;1266.8;24.1;24.1;56.4;56.4;71.0;70.8;13;1308.8;24.0;24.0;54.9;51.4;69.9;69.2;13;1755.6;36.2;36.2;61.2;53.1;75.9;72.4;12;
2007;23;1286.3;24.6;21.0;54.1;54.1;72.7;65.3;15;1840.5;39.1;39.1;59.3;59.3;72.1;71.2;17;754.6;16.3;12.2;37.5;32.2;57.3;55.4;17;1664.5;35.2;35.2;58.5;50.9;75.1;61.9;14;
2007;24;818.6;20.8;20.8;38.0;31.7;55.7;45.9;18;1267.6;28.0;28.0;53.2;41.6;68.3;63.2;17;1470.1;30.0;30.0;57.9;57.9;77.8;75.4;12;1674.7;30.6;30.6;61.4;49.8;84.4;78.7;9;
2007;25;1413.9;25.6;25.6;56.8;38.5;70.9;50.3;13;1241.0;30.4;30.4;48.6;43.2;61.1;50.2;17;2652.7;45.6;45.6;77.9;77.9;86.9;84.0;8;1541.8;24.9;24.9;61.5;54.3;85.3;85.3;8;
2007;26;1346.7;32.7;32.7;47.1;45.6;62.3;61.0;17;738.3;16.6;16.6;36.8;34.0;56.7;43.9;18;1657.2;35.9;35.9;56.7;56.7;71.8;71.2;15;2309.5;40.2;40.2;70.9;70.9;83.1;77.2;9;
2007;27;1606.2;28.5;28.5;62.9;62.9;78.9;77.8;11;1256.9;29.2;29.2;49.3;49.3;65.3;61.3;13;1752.0;34.9;34.9;61.3;61.3;81.1;77.8;10;1852.1;34.5;34.5;64.8;63.6;83.9;82.1;9;
2007;28;2204.4;41.9;41.9;65.6;63.9;84.1;83.0;9;1307.8;24.1;24.1;54.2;49.0;77.6;75.4;10;2256.7;36.1;36.1;76.3;76.3;87.4;87.1;8;2318.9;43.5;43.5;67.0;67.0;83.6;81.3;9;
2007;29;1164.1;20.6;20.6;50.8;50.8;73.7;72.7;12;1317.5;27.1;18.2;53.9;53.9;71.2;68.7;13;4218.1;63.8;63.8;77.5;73.8;87.4;86.5;8;1814.5;36.9;36.9;59.5;48.6;76.6;76.2;10;
2007;30;1254.7;26.0;26.0;50.8;45.9;72.7;67.8;10;936.5;18.9;18.9;43.6;43.6;63.1;63.1;13;1977.9;40.1;40.1;60.0;59.9;77.1;73.0;11;2501.9;47.1;47.1;63.4;57.8;81.9;75.5;10;
2007;31;2619.5;48.9;48.9;63.9;63.9;76.2;74.1;11;1283.6;24.7;24.7;53.3;40.3;73.4;73.3;14;2021.3;38.2;38.2;66.6;63.7;82.2;79.6;10;1775.0;35.6;35.6;58.8;49.5;82.1;72.7;10;
2007;32;1587.9;26.4;26.4;61.3;56.0;84.1;83.5;9;1422.0;28.9;28.9;54.4;52.8;71.5;67.7;12;1982.0;39.6;39.6;63.9;63.9;78.5;78.5;11;1654.9;34.9;34.9;55.0;53.6;77.5;75.2;10;
2007;33;1049.2;24.6;24.6;46.3;44.9;62.7;58.9;16;817.8;19.7;19.7;40.8;33.3;59.5;56.1;20;5422.3;73.4;73.4;78.3;76.5;83.2;82.5;12;760.6;13.2;13.2;36.5;33.6;58.8;56.5;14;
2007;34;1266.6;25.6;25.6;53.0;47.7;73.3;73.2;11;1226.2;24.4;24.4;51.0;51.0;71.9;71.1;11;1393.6;30.7;30.7;53.4;39.4;69.7;66.4;12;1682.2;27.8;25.4;64.2;60.0;81.9;76.0;9;
2007;35;1060.1;22.3;22.3;48.2;42.6;68.6;60.9;13;867.3;16.6;16.6;41.0;33.6;62.6;57.7;14;2054.3;41.0;41.0;63.7;63.7;78.1;77.8;11;2361.2;43.7;43.7;70.1;70.1;81.3;78.4;10;
2007;36;1090.0;18.1;18.1;49.2;49.2;73.2;69.5;12;1260.9;30.2;30.2;48.7;46.4;65.2;61.8;16;1261.8;24.3;24.3;54.0;54.0;76.1;72.6;12;1294.3;25.3;25.3;57.3;57.3;73.2;68.2;13;
2007;37;1380.5;27.8;27.8;54.5;54.5;75.9;71.0;11;1644.0;32.0;32.0;59.7;59.7;76.1;71.6;11;1220.1;20.8;20.8;54.8;54.8;74.2;66.3;11;2423.3;45.8;45.8;67.0;60.1;81.0;79.4;11;
2007;38;2465.9;45.9;45.9;67.2;67.2;80.6;78.4;10;1579.1;35.3;35.3;50.7;50.7;68.9;66.0;12;1391.5;27.9;18.1;56.2;34.0;74.2;72.7;11;1371.6;23.3;23.3;56.0;52.7;81.3;80.6;9;
2007;39;2125.7;42.1;42.1;61.2;56.5;80.3;80.3;10;3571.1;58.3;58.3;71.3;71.3;85.0;82.7;9;3696.3;57.7;57.7;82.5;73.1;92.4;91.0;5;2521.4;43.2;21.1;76.3;76.3;88.4;80.8;7;
2007;40;1306.4;22.8;21.8;54.9;54.9;73.3;73.3;11;1505.2;33.2;33.2;52.3;48.2;69.2;66.3;11;1675.0;34.4;34.4;58.0;57.8;75.5;75.5;10;1367.9;29.0;29.0;52.6;52.6;73.3;68.0;10;
2007;41;1311.4;30.6;30.6;50.1;47.8;67.9;64.1;15;928.4;22.6;22.6;42.2;40.4;60.0;54.7;17;1325.0;31.5;31.5;49.2;46.5;65.5;65.5;16;2493.6;39.7;39.7;74.5;70.8;83.9;83.6;10;
2011;01;2695.8;49.5;49.5;65.6;64.3;78.5;78.5;10;1169.8;24.1;24.1;54.2;54.2;65.9;65.8;16;1211.8;26.8;26.8;49.0;49.0;69.5;68.3;12;2070.3;34.7;26.2;71.8;71.8;82.7;77.3;10;
2011;02;1565.4;31.0;31.0;58.1;57.5;78.7;76.0;9;1856.0;38.5;38.5;57.9;55.5;76.5;65.9;11;1941.5;31.5;31.5;66.9;65.6;82.9;82.4;9;2305.8;39.4;23.7;73.4;73.4;86.2;83.7;8;
2011;03;3683.0;59.8;59.8;69.1;69.1;79.1;75.7;12;1022.6;26.3;26.3;42.4;35.7;58.4;53.7;17;1371.9;20.9;20.9;59.1;43.6;78.5;60.4;12;1602.2;35.9;35.9;56.0;56.0;67.7;65.5;17;
2011;04;3514.5;57.7;57.7;71.9;69.8;84.4;78.1;8;2193.6;43.5;43.5;61.4;61.4;77.6;74.6;12;1555.6;26.8;26.8;61.6;61.6;74.6;73.3;14;2050.1;42.6;42.6;55.5;55.0;72.4;69.9;15;
2011;05;964.7;20.6;20.6;44.8;44.8;65.3;58.8;15;1298.1;22.0;20.7;57.1;57.1;76.7;68.8;14;1523.6;27.4;16.3;62.7;62.7;82.0;76.1;12;3111.9;54.1;54.1;69.1;66.7;80.2;79.4;13;
2011;06;2031.9;39.2;12.6;66.0;66.0;84.6;84.6;9;964.9;18.8;18.8;44.6;43.1;68.3;67.1;15;856.9;16.9;16.9;40.4;28.2;62.4;60.7;14;994.8;20.0;20.0;45.5;45.5;69.8;62.1;16;
2011;07;1129.3;22.5;22.5;50.9;45.6;73.2;73.2;15;1001.5;18.2;18.2;47.3;47.3;69.5;67.0;14;1010.5;19.7;17.9;47.9;41.4;64.8;61.1;14;1611.3;32.7;32.7;62.3;62.3;74.4;72.6;13;
2011;08;1438.1;25.5;25.5;56.2;56.2;69.9;67.4;13;1247.4;27.1;18.4;51.2;48.3;64.0;60.9;16;1229.7;20.5;17.4;55.7;55.7;75.7;75.7;12;1374.7;23.5;23.5;58.0;54.3;75.3;71.1;13;
2011;09;2261.0;40.1;14.3;71.8;63.9;89.9;84.5;7;1068.9;19.5;19.5;49.9;42.0;71.0;52.0;14;2077.7;40.7;40.7;63.2;57.3;82.3;69.7;9;2358.7;43.2;43.2;70.2;60.1;84.7;82.0;9;
2011;10;1469.7;28.8;28.8;57.4;57.4;79.9;79.9;9;1363.1;26.5;26.5;57.0;51.6;76.0;73.3;11;1993.5;40.5;40.5;59.3;53.0;76.7;76.4;10;1642.9;32.9;32.9;61.6;61.6;76.5;76.5;11;
2011;11;1162.9;24.1;24.1;51.6;51.6;71.9;66.4;15;960.2;22.0;22.0;44.8;41.1;60.6;56.3;16;843.3;16.3;16.3;39.4;38.9;61.6;54.7;15;1171.9;23.7;18.5;51.7;36.0;70.2;48.6;15;
2011;12;2283.9;43.2;43.2;67.0;67.0;82.2;81.4;9;964.9;16.1;16.1;44.7;38.5;67.6;53.0;12;2619.6;47.8;47.8;68.4;66.7;81.3;78.4;10;1948.0;35.4;23.4;65.1;65.1;77.7;74.3;10;
2011;13;1359.8;27.8;14.0;54.4;51.7;77.1;69.3;11;1030.7;20.7;20.7;48.5;48.5;65.9;65.5;16;2868.0;51.0;51.0;69.5;69.5;83.5;82.6;10;1635.1;30.4;30.4;64.6;53.3;80.0;78.1;13;
2011;14;1273.2;21.5;21.5;54.9;50.0;78.2;68.5;10;1490.6;34.0;34.0;52.7;52.7;67.1;64.7;14;1453.5;31.9;31.9;51.9;42.5;74.7;71.7;12;2297.2;43.6;43.6;67.2;64.1;77.5;76.0;12;
2011;15;1560.9;30.9;30.9;57.2;51.3;81.9;70.6;10;1255.3;27.4;27.4;49.1;48.3;71.8;67.1;11;1055.8;16.6;16.6;47.3;38.1;71.5;67.4;10;2953.7;52.7;52.7;65.2;62.6;76.2;73.1;11;
2011;16;1927.8;37.0;37.0;64.7;62.2;81.8;81.2;10;2491.9;47.3;47.3;62.0;61.6;79.0;76.8;10;1261.0;28.0;28.0;48.7;45.3;72.0;65.9;12;1229.5;26.5;26.5;49.7;46.4;72.4;68.5;12;
2011;17;4006.6;61.7;61.7;79.0;79.0;87.1;86.4;8;1413.2;26.9;11.5;56.4;56.4;79.3;79.3;10;1456.8;28.1;16.6;56.1;51.1;81.3;81.3;9;2064.8;41.9;41.9;59.3;56.2;75.2;75.0;11;
2011;18;1244.7;29.8;29.8;45.4;44.1;64.2;63.0;14;1884.0;39.1;39.1;61.1;61.1;75.5;73.6;13;908.0;16.3;14.8;43.6;43.6;65.0;62.6;15;1819.0;35.7;35.7;62.3;48.2;79.4;56.8;12;
2011;19;5748.9;75.2;75.2;86.4;86.4;89.9;88.9;7;1471.6;32.6;32.6;58.6;48.6;67.9;55.0;23;5380.4;72.9;72.9;82.1;82.1;87.8;86.4;8;4873.2;68.5;68.5;85.1;82.6;91.4;88.1;6;
2011;20;1713.1;32.7;22.0;60.9;60.9;75.9;71.9;13;1615.5;36.3;36.3;54.5;54.5;67.4;60.5;16;1641.9;30.4;30.4;63.2;47.1;81.9;81.9;11;3566.7;58.7;58.7;68.8;66.8;78.5;70.4;13;
2011;21;905.0;21.6;21.6;39.7;39.7;60.0;57.3;15;1010.7;25.4;25.4;40.6;40.5;60.8;58.2;16;1072.5;21.6;15.0;50.1;45.0;69.1;56.8;15;1195.3;27.6;27.6;49.4;49.4;67.8;67.8;16;
2011;22;1079.4;22.3;22.3;47.3;43.8;69.9;69.4;12;936.9;18.2;18.2;42.0;39.9;66.4;62.7;13;819.2;17.4;17.4;38.3;23.5;59.2;37.7;15;1504.7;32.0;32.0;56.8;56.8;75.5;73.5;13;
2011;23;1377.2;24.6;24.6;58.5;55.1;73.6;73.0;14;1455.8;32.7;32.7;54.2;54.2;69.9;67.2;17;685.6;16.9;7.8;32.0;31.2;50.5;45.8;18;1478.9;32.8;32.8;55.0;55.0;71.8;71.4;17;
2011;24;1396.7;32.3;32.3;48.6;48.6;68.8;64.9;13;1152.6;24.8;13.1;52.3;52.3;69.4;62.3;16;1152.7;22.6;22.6;50.1;44.9;74.6;70.2;11;2469.1;35.2;33.8;76.4;76.4;83.9;83.9;11;
2011;25;1278.0;29.9;29.9;47.6;37.8;65.8;56.3;13;1060.0;22.7;22.7;48.2;48.2;61.8;58.7;17;1449.5;24.1;24.1;61.9;61.9;78.1;75.8;12;1319.5;20.8;20.8;57.5;53.0;77.1;76.4;13;
2011;26;1247.9;30.0;30.0;46.8;43.7;66.2;63.9;15;967.5;20.0;20.0;47.0;43.5;60.8;58.2;19;1327.2;23.3;17.4;56.6;56.6;80.5;80.5;10;2845.1;49.8;49.8;71.9;71.9;80.2;79.9;13;
2011;27;1554.6;33.0;33.0;53.3;50.8;77.5;77.5;10;1241.2;26.8;26.8;52.0;52.0;67.3;66.5;14;1620.4;33.0;33.0;57.6;53.7;81.0;78.9;10;1896.5;31.9;31.9;70.7;70.7;80.9;79.9;11;
2011;28;1763.4;30.2;30.2;65.5;65.5;83.8;79.3;8;1544.1;31.2;31.2;57.9;54.1;76.5;66.9;10;3470.5;56.1;56.1;76.0;76.0;88.4;87.4;7;1296.9;22.8;16.0;54.4;50.7;77.5;71.6;10;
2011;29;1336.5;30.1;30.1;49.6;46.1;70.4;67.8;12;1106.3;22.4;22.4;49.2;45.7;70.6;63.9;12;1701.3;33.9;18.3;60.8;60.8;75.8;74.8;11;1760.5;28.6;28.6;65.5;65.5;82.5;82.5;9;
2011;30;1441.5;21.9;18.9;57.7;53.7;87.0;80.9;8;1348.4;28.1;28.1;52.3;52.3;75.5;67.4;11;2555.6;45.7;45.7;71.8;69.7;84.2;84.0;9;2959.4;50.3;50.3;74.5;74.5;86.0;84.8;9;
2011;31;1379.7;29.4;29.4;54.1;49.9;74.4;71.7;11;1282.7;28.2;28.2;51.5;51.0;71.2;61.3;15;1234.6;27.9;27.9;52.3;52.3;66.5;65.0;15;1660.9;36.9;36.9;55.0;52.1;68.3;60.1;16;
2011;32;1232.9;21.9;21.9;51.7;48.9;74.2;66.7;10;2127.6;41.1;41.1;64.2;64.2;80.0;77.2;11;2247.7;42.4;42.4;67.4;64.0;78.8;74.4;10;1087.2;18.7;17.8;47.8;41.2;71.6;70.9;11;
2011;33;1435.0;31.6;31.6;55.2;52.6;72.0;71.6;15;1353.2;33.6;33.6;46.6;46.6;59.5;59.1;20;2716.7;50.8;50.8;61.0;60.6;72.0;71.6;17;955.6;16.6;16.6;46.1;39.5;68.0;58.8;15;
2011;34;1253.8;19.2;16.5;54.4;54.4;78.4;72.2;10;1367.4;27.1;27.1;53.8;47.7;78.8;73.7;10;1388.5;28.2;28.2;55.8;55.8;75.9;66.8;11;1551.5;32.1;32.1;56.3;56.3;78.0;73.5;11;
2011;35;1147.8;21.4;21.4;49.1;47.4;74.7;66.9;11;1393.2;26.5;26.5;60.2;60.2;74.5;71.5;13;1503.8;28.7;28.7;58.2;58.2;77.2;76.2;11;2554.3;47.9;47.9;65.4;57.8;79.2;71.9;11;
2011;36;1228.2;24.9;24.9;50.6;48.5;77.0;72.4;13;782.1;14.6;14.3;38.4;35.3;60.3;54.9;16;1358.0;21.4;9.3;59.0;46.9;79.7;79.7;11;1359.2;24.7;24.7;56.1;56.1;77.6;69.4;13;
2011;37;1486.2;30.1;30.1;56.5;56.3;78.3;75.0;11;1409.3;28.7;28.7;55.1;42.0;71.6;69.4;12;1747.2;33.5;14.2;64.3;64.3;82.7;76.9;10;1741.2;32.9;11.5;63.5;63.5;81.9;81.9;10;
2011;38;2172.2;40.4;40.4;68.6;68.6;84.4;79.5;9;1504.7;34.0;34.0;50.8;47.7;68.7;67.5;12;1341.9;24.0;24.0;57.0;57.0;74.8;72.0;12;1629.1;31.6;31.6;60.0;58.1;78.6;73.2;11;
2011;39;1324.5;24.8;18.4;55.8;55.8;76.8;71.2;10;1550.4;35.1;35.1;50.4;48.7;67.1;67.1;13;1814.9;37.1;37.1;61.0;53.0;78.3;66.7;11;2786.8;49.2;11.6;74.0;74.0;84.0;82.7;9;
2011;40;1335.5;27.2;27.2;52.4;51.0;74.2;74.2;10;1238.3;26.9;26.9;51.0;51.0;68.2;64.9;12;2286.7;43.8;43.8;64.7;64.7;82.6;80.9;9;1789.5;36.1;36.1;59.6;59.4;77.1;77.0;10;
2011;41;3421.8;57.1;57.1;70.4;70.4;81.0;80.0;11;1230.3;25.9;25.9;53.1;49.3;71.5;63.5;15;2392.4;46.9;46.9;59.6;59.6;72.2;71.9;14;3395.5;56.8;56.8;70.3;70.3;80.2;80.2;11;
2015;01;1015.3;18.1;16.9;46.2;39.8;70.3;63.8;13;1518.0;30.1;30.1;59.3;59.3;74.2;74.2;14;1135.2;20.6;20.6;49.4;49.4;73.8;71.6;13;3037.6;47.7;26.3;80.0;76.8;87.5;82.9;8;
2015;02;2071.4;40.3;40.3;62.9;59.4;83.2;83.2;8;1773.3;36.7;36.7;57.8;47.1;74.7;64.0;11;2244.3;34.2;34.2;72.8;72.8;83.2;82.2;9;2352.7;35.9;35.9;75.0;75.0;87.6;81.6;8;
2015;03;2004.5;39.0;39.0;65.4;61.0;75.2;74.3;13;1546.3;34.8;34.8;54.1;52.1;70.1;66.8;15;1294.4;25.3;25.3;54.1;43.8;76.3;70.0;13;2293.7;45.5;45.5;61.8;57.0;74.1;65.6;16;
2015;04;1600.7;29.3;29.3;60.6;59.2;83.2;82.5;9;1995.1;40.3;40.3;62.0;62.0;78.7;75.7;11;1601.5;35.6;35.6;53.2;53.2;70.7;65.8;13;1787.4;34.5;34.5;64.4;64.4;78.9;72.4;12;
2015;05;1118.5;22.8;14.3;48.3;43.8;72.0;67.2;13;1448.6;29.5;29.5;57.7;57.7;73.5;70.1;15;844.5;15.1;13.6;42.1;27.1;62.4;61.1;14;4450.6;65.0;65.0;82.3;82.3;89.0;88.0;7;
2015;06;3181.5;53.7;53.7;74.2;71.5;87.4;87.4;8;970.6;20.5;20.5;44.0;43.0;65.7;65.7;15;792.7;18.7;18.7;36.2;35.6;57.0;49.9;16;3168.6;51.8;51.8;76.3;76.3;86.0;83.3;9;
2015;07;1339.4;25.1;25.1;56.6;56.6;79.5;67.2;12;740.7;11.9;11.9;33.0;29.1;56.8;55.0;14;927.1;18.6;18.6;44.6;38.9;63.9;53.4;14;2516.4;47.5;47.5;65.3;65.3;78.2;77.3;12;
2015;08;1770.1;30.0;30.0;63.6;63.6;79.5;73.7;12;1194.4;27.0;14.1;51.0;48.3;68.1;63.2;16;1259.7;23.4;17.9;56.7;56.7;73.2;72.1;13;1768.2;37.6;37.6;56.1;48.7;75.9;64.3;13;
2015;09;1602.2;23.7;19.3;62.1;58.8;85.5;81.7;8;1854.4;36.7;11.9;64.8;31.0;77.9;40.1;11;2104.0;38.8;38.8;69.5;64.3;84.7;83.5;9;4048.5;62.4;62.4;76.3;73.2;85.8;82.7;9;
2015;10;1591.8;28.8;23.0;61.0;54.9;76.7;75.9;11;1431.0;28.5;28.5;57.4;57.4;76.8;67.0;11;1293.8;25.3;25.3;55.0;47.9;74.7;70.2;11;2381.1;46.0;46.0;62.0;56.1;77.0;74.7;11;
2015;11;1681.8;34.2;34.2;60.0;57.0;78.8;70.7;12;904.8;21.6;21.6;40.6;39.0;58.5;51.0;15;1059.7;22.3;22.3;44.4;41.3;69.4;69.4;12;3010.5;53.4;53.4;65.5;60.2;76.2;71.0;13;
2015;12;1958.9;37.6;37.6;65.3;65.3;84.1;83.6;8;1467.1;29.1;29.1;57.1;57.1;75.0;75.0;11;5295.9;72.2;72.2;82.0;81.5;89.3;88.2;7;2111.9;32.9;29.8;70.7;70.7;82.5;79.7;10;
2015;13;1804.4;35.2;35.2;62.4;57.0;80.6;77.7;10;1018.1;23.9;23.9;45.9;43.3;61.0;56.4;17;2105.0;38.8;38.8;68.4;51.4;81.8;64.0;10;4232.7;63.9;63.9;78.6;72.6;87.2;82.8;8;
2015;14;2322.9;40.4;40.4;71.6;66.9;84.2;83.2;9;1593.5;25.8;25.2;63.8;63.8;79.2;76.5;11;969.8;19.6;10.8;41.5;27.4;66.8;50.9;12;2048.8;38.4;38.4;69.9;69.9;81.4;75.0;11;
2015;15;1983.1;32.5;32.5;72.9;72.9;86.3;85.6;8;2932.1;51.7;51.7;69.8;66.1;83.0;79.8;9;924.8;18.2;18.2;39.8;38.2;64.4;58.6;11;2863.7;51.4;51.4;65.8;65.4;79.7;76.1;10;
2015;16;1857.6;33.0;33.0;65.6;64.3;82.7;76.2;11;1155.4;25.2;25.2;48.3;45.5;67.7;62.5;12;1133.3;23.7;23.7;49.1;42.5;71.0;71.0;12;3079.7;53.8;53.8;66.9;66.9;79.9;77.5;10;
2015;17;1476.2;30.1;30.1;55.0;54.2;78.9;68.5;10;1687.5;30.7;30.7;64.4;64.4;77.4;75.9;11;1452.9;27.9;27.9;59.7;51.3;76.1;76.1;10;1408.7;24.6;24.6;55.5;55.5;74.4;68.9;11;
2015;18;1477.5;25.4;25.4;58.4;57.9;79.4;77.8;11;1562.1;31.0;31.0;59.3;59.3;79.8;79.0;11;866.9;13.8;9.9;38.6;36.6;66.5;66.5;14;2363.3;46.5;46.5;59.4;59.4;71.8;70.6;14;
2015;19;5914.3;76.5;76.5;85.4;85.4;90.9;88.0;6;1299.2;31.8;31.8;51.4;51.4;62.4;61.0;24;3953.9;61.8;61.8;75.2;75.2;81.5;79.2;13;6635.4;80.9;80.9;91.7;91.7;95.3;93.7;3;
2015;20;4444.4;65.6;65.6;79.3;72.9;87.3;76.5;8;2048.4;42.9;42.9;55.7;52.6;67.5;63.6;15;2122.1;38.4;38.4;69.0;64.1;79.2;78.0;11;5500.4;73.8;73.8;80.5;78.6;87.8;83.2;8;
2015;21;1040.0;22.6;22.6;44.7;38.5;69.4;69.4;14;1495.6;31.7;31.7;55.1;52.8;68.8;65.6;15;1590.6;31.9;9.9;59.9;59.9;76.1;75.0;12;1713.6;27.0;27.0;68.1;68.1;80.1;71.8;11;
2015;22;1508.1;32.4;32.4;55.1;55.0;73.9;66.4;12;1496.9;22.1;22.1;63.6;51.3;81.7;79.8;11;998.3;19.8;19.8;45.2;35.4;66.4;50.8;13;2436.6;43.4;43.4;68.9;68.9;78.6;76.5;11;
2015;23;1700.9;35.4;35.4;60.3;54.3;76.6;76.6;12;1167.1;22.4;22.4;50.8;44.2;70.6;66.1;15;547.6;9.5;9.5;26.5;18.5;46.0;42.0;19;2655.1;49.8;49.8;64.7;59.9;73.9;71.6;16;
2015;24;1500.1;26.7;26.7;60.1;50.2;81.8;65.3;10;1022.4;20.0;20.0;47.8;32.1;68.7;54.5;14;1115.2;22.6;22.6;51.5;51.5;70.4;69.3;14;1567.0;26.6;26.6;61.2;56.0;77.1;69.7;12;
2015;25;1075.5;19.4;19.4;48.2;48.2;72.2;65.6;13;1331.6;26.8;26.8;56.3;56.3;69.3;68.0;15;1477.3;27.7;27.7;58.5;58.0;78.6;65.8;12;2503.1;46.7;46.7;66.6;64.6;83.5;79.3;10;
2015;26;1221.1;27.3;27.3;49.9;49.9;66.8;64.5;14;1274.1;30.9;30.9;49.3;46.9;63.7;61.7;18;1239.6;21.3;21.3;56.8;56.8;73.1;70.1;12;2059.3;37.3;37.3;67.4;66.7;79.9;78.9;13;
2015;27;1777.2;33.9;33.9;61.3;59.8;86.0;86.0;8;1240.5;29.1;29.1;48.7;43.9;63.4;57.9;14;1614.3;33.9;33.9;56.8;54.2;76.9;70.6;11;1932.9;39.6;39.6;59.3;59.3;77.7;73.2;11;
2015;28;2172.0;38.6;38.6;71.3;71.3;86.6;86.4;8;1792.2;30.9;24.2;65.6;65.6;81.2;81.2;10;1469.9;29.3;29.3;54.6;47.9;80.0;68.2;9;2087.8;40.6;40.6;63.9;58.6;83.2;79.7;9;
2015;29;2472.0;44.4;44.4;72.0;68.9;86.5;86.4;8;1667.0;33.0;33.0;60.1;58.2;77.7;75.6;11;1896.2;39.0;39.0;60.7;60.7;73.8;70.4;12;2597.3;47.0;47.0;71.4;64.6;83.0;74.4;9;
2015;30;1668.9;25.4;25.4;63.8;63.8;91.5;86.1;6;1135.6;26.5;26.5;44.9;44.9;66.1;66.1;13;1869.1;38.0;38.0;61.2;61.2;75.2;73.9;11;1665.2;31.4;20.9;61.4;57.9;79.2;73.1;10;
2015;31;2436.4;46.0;46.0;64.8;64.8;83.0;82.1;8;1660.2;37.1;37.1;52.6;50.4;68.9;63.1;15;1367.4;26.9;26.9;58.1;38.4;74.8;57.7;12;2745.4;49.5;49.5;70.4;66.8;79.0;74.3;13;
2015;32;1782.4;32.2;32.2;63.2;62.7;83.6;79.6;8;2677.8;49.2;49.2;66.5;66.5;78.7;77.0;10;1767.8;34.2;34.2;62.7;59.2;82.7;79.9;9;1603.7;27.9;27.9;61.8;61.8;82.0;75.1;9;
2015;33;3099.6;52.4;52.4;74.8;74.8;85.7;85.0;10;657.9;15.4;15.4;34.5;32.9;53.2;47.3;21;1477.6;33.5;13.7;55.5;25.4;65.8;33.6;18;2008.5;39.4;39.4;65.2;50.1;77.3;76.7;13;
2015;34;1757.7;30.0;30.0;65.3;65.3;85.3;84.4;8;1620.4;33.4;33.4;57.4;47.3;77.8;58.0;10;1351.7;23.6;16.1;58.2;58.2;76.8;73.5;10;1548.5;27.3;27.3;62.1;62.1;76.8;75.9;10;
2015;35;1527.1;24.8;24.8;59.5;59.5;82.2;79.7;9;1309.8;28.3;28.3;53.4;44.0;71.6;67.9;12;1405.8;32.6;32.6;49.5;47.3;66.2;60.4;14;3288.6;55.6;55.6;71.8;71.8;82.4;77.1;10;
2015;36;1424.5;28.5;28.5;57.8;53.9;76.8;75.6;12;2476.4;47.1;47.1;64.8;60.4;78.7;74.3;11;1198.5;23.1;20.9;51.4;50.2;68.5;68.0;14;2111.8;37.2;37.2;67.7;67.7;78.2;75.6;13;
2015;37;1659.8;31.9;31.9;62.0;62.0;74.8;72.2;12;1642.6;34.7;34.7;56.8;49.1;73.7;72.5;12;1286.7;25.4;25.4;51.9;39.3;74.5;68.4;11;2580.0;47.0;47.0;68.0;67.1;81.1;79.1;11;
2015;38;1977.4;33.3;25.9;67.8;66.6;83.8;83.8;9;945.0;16.1;16.1;43.3;43.3;66.7;64.0;12;1216.0;27.8;27.8;47.9;45.4;67.5;59.3;13;2825.2;50.7;50.7;66.9;65.1;81.9;76.6;9;
2015;39;1405.0;20.4;20.4;59.4;51.0;82.5;76.5;9;1834.7;36.3;36.3;62.8;61.1;80.3;77.0;11;1600.8;33.6;33.6;56.9;47.0;76.2;65.0;11;1982.6;28.8;27.1;75.0;75.0;84.0;83.7;9;
2015;40;1486.0;27.0;27.0;57.6;55.5;78.6;78.6;10;979.1;16.9;16.9;45.4;45.4;66.7;59.4;12;2084.6;40.4;40.4;64.0;59.7;84.2;84.2;9;3065.6;53.4;53.4;66.7;65.7;81.9;80.8;9;
2015;41;1010.5;17.2;13.7;47.9;38.3;66.9;54.1;12;819.8;20.7;20.7;38.9;38.9;55.5;48.4;18;2054.8;42.4;42.4;57.4;56.6;74.0;74.0;14;1283.4;24.9;19.8;55.4;46.5;72.3;62.7;14;
2019;1;1634.9;32.4;32.4;60.6;60.6;81.6;79.0;10;1271.3;24.8;24.8;54.4;54.4;73.1;72.4;14;1385.3;25.2;18.1;56.3;55.6;80.5;80.5;11;3555.0;58.4;58.4;70.1;70.0;83.0;81.1;11;
2019;10;1778.8;30.2;30.2;65.5;65.5;88.3;82.8;7;2359.2;44.2;44.2;66.0;65.0;77.2;74.0;11;959.3;16.1;16.1;43.2;43.2;69.0;65.9;12;2223.4;34.3;34.3;71.3;69.0;83.7;83.7;9;
2019;11;2585.4;46.9;46.9;70.8;70.8;86.7;83.2;9;1384.8;29.9;29.9;54.6;51.4;73.6;66.4;14;1021.1;20.0;20.0;45.9;42.7;68.6;62.1;12;1760.2;30.4;30.4;63.9;61.4;75.7;70.5;14;
2019;12;1863.5;30.2;30.2;69.2;69.2;84.7;84.7;9;1551.3;32.5;32.5;56.1;56.1;73.6;70.4;11;1229.0;27.7;27.7;45.9;42.6;67.8;64.4;11;2027.9;39.8;39.8;63.2;60.6;80.3;78.8;10;
2019;13;1891.0;38.8;38.8;56.8;51.7;79.3;71.4;9;2204.4;44.2;44.2;63.0;63.0;72.3;71.2;15;3249.2;54.8;54.8;72.5;70.4;84.5;81.0;8;2274.8;41.8;41.8;68.5;68.5;78.1;76.1;12;
2019;14;2601.0;42.9;42.9;76.5;69.6;89.6;87.2;7;2073.7;42.3;42.3;60.3;54.7;74.3;67.8;12;1301.5;29.8;29.8;48.3;48.0;68.7;66.8;12;4679.2;67.6;67.6;78.9;78.6;87.0;86.0;8;
2019;15;2324.1;41.4;41.4;70.2;67.9;86.2;80.0;8;5371.7;72.9;72.9;78.9;78.9;86.3;85.8;9;1757.8;36.4;36.4;57.5;52.5;77.4;74.2;10;2681.9;48.3;48.3;71.9;71.9;80.7;80.3;11;
2019;16;2753.2;48.1;48.1;73.2;73.2;86.0;83.9;8;1370.4;29.8;29.8;53.1;53.1;68.5;67.3;13;1003.0;18.4;18.4;45.2;43.3;66.5;62.6;12;2419.9;46.5;46.5;64.0;58.5;76.5;71.4;12;
2019;17;1925.1;33.6;33.6;66.6;57.7;87.8;83.6;7;1693.7;37.3;37.3;53.3;53.3;68.7;67.8;13;1774.0;35.7;35.7;61.7;61.7;79.4;79.3;10;2622.3;48.4;48.4;66.8;66.8;80.4;79.9;10;
2019;18;3414.8;55.1;55.1;77.5;75.5;87.4;87.0;8;1597.9;35.0;35.0;55.1;55.1;73.4;67.1;14;1287.2;23.2;23.2;56.8;50.3;76.1;64.7;13;2113.9;41.2;41.2;67.5;67.5;76.1;74.2;13;
2019;19;5188.3;71.6;71.6;80.8;80.8;86.4;83.8;10;2455.8;46.3;46.3;69.8;69.8;77.1;75.2;20;4392.1;65.5;65.5;75.3;74.1;86.1;83.1;10;3338.9;56.0;56.0;71.3;70.7;84.2;80.9;10;
2019;2;3006.5;50.0;50.0;80.2;80.2;89.5;88.3;7;1826.5;37.1;37.1;59.5;49.5;76.5;72.1;11;2833.9;50.9;50.9;67.3;65.8;79.9;79.1;10;2246.9;41.3;41.3;69.3;69.3;83.8;82.0;9;
2019;20;2038.6;37.5;37.5;67.7;65.6;83.0;77.9;11;869.3;16.8;14.0;43.7;43.7;62.4;62.4;15;3229.7;55.2;55.2;70.2;66.7;80.4;76.3;11;2826.9;49.1;49.1;74.3;74.3;81.5;78.7;12;
2019;21;1811.0;36.9;36.9;60.7;57.8;77.3;75.9;11;3322.7;56.0;56.0;70.9;70.9;82.6;80.2;10;1340.0;25.2;25.2;54.0;54.0;79.4;72.5;10;2694.5;40.3;40.3;76.1;76.1;82.5;82.5;11;
2019;22;1564.1;29.9;29.9;61.5;61.5;80.8;73.5;9;1686.7;37.1;37.1;54.8;54.8;71.5;71.5;14;1025.3;24.8;24.8;43.7;43.7;62.0;57.8;15;2267.5;44.1;44.1;64.7;64.7;78.2;76.7;12;
2019;23;1549.7;27.5;27.5;64.4;64.4;78.6;75.7;11;1688.1;37.2;37.2;55.4;55.4;68.9;68.9;16;559.3;10.6;10.6;28.2;22.2;46.3;34.5;19;1860.7;40.2;40.2;55.7;55.6;68.9;68.0;16;
2019;24;1782.2;34.0;15.7;62.6;60.0;84.7;83.8;8;1218.3;27.7;27.7;49.8;48.5;69.4;68.5;15;1072.6;23.6;23.6;49.4;40.4;65.1;54.2;15;1542.9;28.4;28.4;62.1;57.1;78.7;64.4;13;
2019;25;1681.7;28.3;11.5;65.3;57.7;85.6;84.8;9;1094.7;23.9;23.9;49.8;49.8;62.9;61.6;16;3189.6;52.7;17.6;76.7;74.5;89.9;89.9;7;2172.8;32.7;32.7;70.2;68.3;81.9;81.9;11;
2019;26;2045.9;42.7;42.7;56.0;55.1;71.0;70.3;14;1974.1;41.8;41.8;56.2;48.7;65.7;56.0;17;1987.1;40.7;40.7;61.3;61.3;74.4;70.6;13;2742.0;50.3;50.3;67.3;67.3;76.0;73.9;15;
2019;27;2463.6;44.2;44.2;70.7;70.7;87.3;85.3;7;1681.8;36.4;36.4;55.8;55.8;72.0;69.9;12;1748.7;35.9;35.9;59.9;56.1;77.9;76.5;10;2687.7;49.3;49.3;66.9;63.8;79.7;76.2;11;
2019;28;3549.7;56.3;56.3;79.7;77.3;93.7;87.4;6;2044.2;39.5;39.5;65.1;65.1;81.5;78.3;9;1856.6;33.6;33.6;64.2;63.4;86.3;86.3;8;2104.9;41.8;41.8;59.7;56.9;80.0;80.0;9;
2019;29;1769.6;31.6;31.6;64.5;64.5;85.3;85.3;8;2063.4;40.4;40.4;64.4;59.4;77.7;73.7;11;1928.6;38.8;38.8;60.6;57.3;79.2;75.8;9;3363.0;56.5;56.5;69.2;67.1;81.5;78.2;10;
2019;3;1511.9;31.1;31.1;58.6;58.6;77.0;75.3;11;1970.4;41.7;41.7;56.7;56.7;69.1;67.1;15;1906.9;40.2;40.2;55.6;53.7;74.5;66.8;12;2291.1;43.1;43.1;67.3;61.6;84.1;70.9;11;
2019;30;2048.6;36.7;36.7;69.8;69.8;86.8;84.5;7;1385.8;31.8;31.8;48.2;47.0;67.9;63.7;12;1563.7;24.1;24.1;63.8;49.9;83.1;75.5;9;2420.2;46.4;46.4;64.2;61.9;76.3;75.4;11;
2019;31;3447.2;57.0;57.0;71.6;67.7;85.4;81.8;8;1737.8;36.9;36.9;59.3;59.3;72.1;67.2;13;5349.8;72.6;72.6;81.3;81.3;90.2;87.5;6;2113.8;39.8;39.8;70.2;70.2;80.4;78.0;12;
2019;32;2371.1;39.9;18.8;74.2;74.2;92.9;91.3;5;1563.0;33.8;33.8;54.2;52.0;74.4;65.8;11;2090.8;37.5;37.5;71.3;71.3;88.1;88.1;7;2425.4;42.5;42.5;75.0;63.1;89.5;89.5;7;
2019;33;1887.1;36.9;36.9;63.7;63.7;83.0;83.0;10;974.1;22.6;22.6;44.0;29.8;60.2;46.0;17;1964.5;36.9;36.9;64.9;63.7;76.1;71.5;14;2206.4;42.9;42.9;64.3;59.2;82.7;82.7;11;
2019;34;1748.1;34.0;34.0;61.3;60.5;82.2;79.3;9;1495.7;33.0;33.0;52.8;50.4;68.1;65.8;12;1246.6;19.3;19.3;56.3;56.3;73.7;66.0;11;2209.0;38.0;38.0;70.2;70.2;84.7;81.3;9;
2019;35;1689.3;30.1;30.1;64.7;47.7;82.0;79.3;10;2247.4;44.6;44.6;59.5;54.8;75.6;70.0;12;1182.8;24.5;24.5;49.4;44.9;72.1;66.9;11;2302.7;44.5;44.5;65.9;65.9;77.7;75.4;12;
2019;36;1558.1;31.8;31.8;58.8;56.9;77.1;75.1;12;1622.9;36.1;36.1;52.5;50.6;71.7;61.7;14;1428.2;31.1;31.1;52.7;46.4;74.2;71.9;13;2133.3;38.6;38.6;67.4;67.4;79.4;77.9;12;
2019;37;1825.1;32.8;32.8;63.9;63.1;82.3;79.7;9;1428.1;28.4;28.4;56.1;56.1;71.8;67.6;12;1268.3;25.7;25.7;49.9;49.4;76.8;76.8;11;2012.2;33.0;27.8;67.4;64.4;81.9;81.9;9;
2019;38;2340.2;36.8;28.8;72.9;68.8;87.9;87.7;7;1192.1;28.1;28.1;48.5;48.5;62.2;60.6;14;1704.4;30.6;30.6;63.0;48.7;84.5;84.5;9;1878.5;31.1;27.1;65.6;65.0;80.6;78.0;10;
2019;39;1642.8;29.1;29.1;62.0;59.0;83.6;74.4;9;2014.3;42.1;42.1;57.6;52.9;70.8;70.2;14;1942.2;33.7;33.7;69.3;63.2;88.4;87.7;7;2083.6;39.3;39.3;66.9;66.9;81.2;75.9;10;
2019;4;1664.4;28.0;28.0;63.1;59.6;81.0;77.3;9;2035.4;42.5;42.5;55.5;55.4;71.7;66.8;15;1830.6;35.9;35.9;61.8;60.0;81.0;76.9;10;2401.6;44.2;44.2;69.3;66.0;83.8;82.2;10;
2019;40;1187.1;21.4;21.4;46.3;46.1;76.8;65.2;9;1180.6;26.2;26.2;47.9;47.9;65.4;65.4;12;1962.1;33.1;33.1;71.6;71.6;86.6;86.6;8;1984.3;36.5;36.5;68.5;68.5;85.0;82.4;9;
2019;41;2661.2;46.7;46.7;73.1;68.0;86.8;86.8;8;1583.6;36.3;36.3;51.3;51.3;66.6;65.4;16;1570.3;35.7;35.7;51.4;51.1;69.1;66.6;15;1595.4;34.7;34.7;55.5;49.2;73.6;67.4;13;
2019;5;1515.1;27.1;21.8;58.8;58.0;80.1;80.1;11;1522.8;29.3;29.3;60.1;58.2;77.6;67.6;14;2056.3;41.8;41.8;58.5;50.8;77.3;72.7;11;2216.5;38.9;20.8;74.0;62.1;84.9;79.8;10;
2019;6;3081.8;52.7;52.7;74.2;74.2;83.4;83.3;9;1141.2;25.9;25.9;49.4;49.4;68.2;65.8;16;1303.2;27.9;17.5;54.5;50.0;68.4;64.5;15;2202.1;40.1;40.1;67.7;67.7;78.1;74.7;12;
2019;7;2221.3;36.2;36.2;73.3;52.0;89.3;89.3;7;1107.5;22.4;22.4;46.8;46.8;71.0;70.2;11;1762.3;38.2;38.2;55.1;55.1;71.5;69.3;14;2572.7;47.1;47.1;68.4;67.0;80.1;73.8;12;
2019;8;1118.1;21.6;17.4;50.8;50.8;69.3;69.2;12;1330.1;27.1;27.1;53.8;33.2;68.1;48.0;16;1289.3;24.0;24.0;57.4;57.4;74.2;71.3;13;2818.4;44.8;44.8;75.7;75.7;82.6;80.5;11;
2019;9;1684.5;32.0;32.0;60.9;60.9;85.4;81.5;8;1383.3;32.0;32.0;50.8;41.6;65.4;61.0;14;2461.6;36.6;31.9;73.6;73.6;86.2;81.0;8;2802.1;48.9;48.9;73.7;73.7;83.4;82.3;9;
